Gameid,totSubmit,avr_T,avr_U,ans,U/ans,median_U,min_U,gameid,var_degree,avr_degree,N/avr_degree,U/n,circlecount,n,,log(CC/n!),averagelen,logVar,3len/3!,4len/4!,...,,,,,,,,,,,..,,,,,,,,,,
1,276,59.0652,3.88043,5,0.776087,0,0,1,2.39506,4.22222,9.48104849629826,0.431158888888889,176,9,2.24551266781415,-7.63134,6.90341,12.2572,3,1.33333,0.4,0.0694444,0.00555556,0,0.0000909392,,,,,,,,0.477121254719662,0.124937650870738,-0.397940008672038,-1.15836277004381,-2.25527215766786,??:502,-4.04124887064019,??:502,??:502,
2,251,52.3506,3.2988,5,0.659761,0,0,2,2.39506,4.22222,14.8758354589084,0.366533333333333,3336,9,3.5232260419657,-4.6893,6.36241,15.339,13.6667,9.33333,4.35,1.27778,0.207937,0.0133929,0.0000909392,,,,,,,,1.13566366125362,0.970036621517357,0.638489256954637,0.106456086208381,-0.682068226079267,-1.87312537387438,-4.04124887064019,??:502,??:502,
3,236,31.0508,0.940678,4,0.235169,0,0,3,0.75,2.5,9.51816088819027,0.11758475,6416,8,3.80726435527611,-1.83805,7.952,4.64549,25.6667,18.6667,9.25,2.91111,0.51746,0.0383929,,,,,,,,,1.40937003447126,1.27106754781171,0.966141732739033,0.464058616119136,-0.286123215824057,-1.41574908229703,??:502,??:502,??:502,
4,236,37,1.30932,5,0.261864,0,0,4,0.16,2.2,9.16144539049182,0.130932,14598,10,4.16429335931446,-5.51577,6.48664,12.0622,39.3333,30,15.6833,5.28611,1.04008,0.0556548,0.00128968,0,,,,,,,1.59476038454014,1.47712125471966,1.19543744999379,0.723136196233442,0.0170667452817901,-1.25449737358236,-2.88951803502957,??:502,??:502,
5,226,43.1903,2.20796,5,0.441593,0,0,5,1.36,2.8,12.8026741297461,0.220796,37358,10,4.57238361776647,-4.57611,7.06146,7.8289,56.3333,45.4167,25.5167,9.53611,2.21627,0.241964,0.0139881,0,,,,,,,1.75076519291495,1.65721557497714,1.40682450764865,0.979371252056132,0.345622667774432,-0.616249244616131,-1.85424127160922,??:502,??:502,
6,223,35.704,1.5157,5,0.303139,0,0,6,1.58025,3.55556,16.7208152622542,0.168411111111111,50434,9,4.70272341410473,-1.97341,8.58373,6.80321,73.3333,60.8333,35.35,13.7861,3.39246,0.428274,0.0266865,,,,,,,,1.86530122869592,1.78414137610319,1.54838941813292,1.13944142440412,0.530514735659206,-0.368278290299377,-1.57370838126533,??:502,??:502,
7,220,65.7864,5.06818,5,1.01364,3,0,7,0.96,3.2,15.7493634339071,0.506818,83498,10,4.92167607309598,-3.77183,7.14429,7.34317,91.3333,77.9167,46.8,19.0472,4.97341,0.708631,0.0223545,0,,,,,,,1.96062914959906,1.89163055061928,1.67024585307412,1.27983114201034,0.696654263253511,-0.14957985280096,-1.65063503949174,??:502,??:502,
8,216,41.0833,1.43056,5,0.286111,0,0,8,1.35802,3.55556,17.7830104603718,0.158951111111111,100338,9,5.00146544014778,-1.28553,8.44458,6.67286,109.333,95,58.25,24.3083,6.55437,0.988988,0.044709,,,,,,,,2.03875126492146,1.97772360528885,1.76529592969806,1.3857545875379,0.816530954047074,-0.00480897793305325,-1.34960504382776,??:502,??:502,
9,214,35.7243,1.35047,5,0.270093,0,0,9,2.16,3.2,16.6504887068557,0.135047,159690,10,5.20327772089242,-3.12342,7.26235,6.69439,130.667,116.833,74.0833,32.2639,9.19246,1.50923,0.0462963,0,,,,,,,2.11616592019347,2.06756552850997,1.86972031951445,1.50871686293226,0.963431748759331,0.17875542938409,-1.33445371640737,??:502,??:502,
10,201,78.9303,6.19403,6,1.03234,3,0,10,2.16,4.2,22.4302150640702,0.619403,219042,10,5.34052739620718,-2.80739,7.38741,5.95856,152,138.667,89.9167,40.2194,11.8306,2.02946,0.0925926,0,,,,,,,2.18184358794477,2.14197311988295,1.95384035963414,1.60443558742848,1.07300677083937,0.307380495933929,-1.03342372074339,??:502,??:502,
11,199,81.5126,6.21106,6,1.03518,0,0,11,2.76,4.2,22.9818761291083,0.621106,296398,10,5.47187526883531,-2.50495,7.48851,5.09682,175.333,163.333,108.45,49.8861,15.1639,2.71399,0.156085,0,,,,,,,2.24386366377838,2.21307393899268,2.03522955635021,1.69797955295332,1.1808109117613,0.433608243120026,-0.80663883127609,??:502,??:502,
12,182,105.736,10.6484,6,1.77473,5,0,12,1.04,4.4,24.6232267444294,1.06484,394628,10,5.59618789646123,-2.21871,7.56842,4.80139,201,191.333,130.15,61.5528,19.3067,3.58899,0.239418,0,,,,,,,2.30319605742049,2.28178988106706,2.11444417244525,1.78924781351251,1.2857080482866,0.554972248260554,-0.620843201436686,??:502,??:502,
13,173,73.6821,6.05202,6,1.00867,1,0,13,0.84,4.4,25.0479759655537,0.605202,492858,10,5.69272181035311,-1.99644,7.61647,4.72768,226.667,219.333,151.85,73.2194,23.4496,4.46399,0.322751,0,,,,,,,2.35538829665446,2.34110397887178,2.18141479625428,1.86462616571245,1.3701354389797,0.649723213046529,-0.491132403457176,??:502,??:502,
14,173,40.3757,1.2948,6,0.2158,0,0,14,2.44,4.6,26.5495998559101,0.12948,591088,10,5.77165214258915,-1.81469,7.64856,4.37541,252.333,247.333,173.55,84.8861,27.5925,5.33899,0.406085,0,,,,,,,2.4019740510753,2.39328206525643,2.23942461800743,1.92883658085029,1.44079105122283,0.727459107419271,-0.391383052217774,??:502,??:502,
15,169,56.6923,3.23669,6,0.539448,0,0,15,2.24,4.6,26.8567302486543,0.323669,689318,10,5.83841961927267,-1.66095,7.6715,4.13431,278,275.333,195.25,96.5528,31.7353,6.21399,0.489418,0,,,,,,,2.44404479591808,2.43985826682016,2.29059104254934,1.98476487269767,1.50154260814009,0.793370550021576,-0.310320062044061,??:502,??:502,
16,172,55.186,3.39535,6,0.565891,1,0,16,1.53719,3.09091,18.3151578966676,0.308668181818182,842346,11,5.92549051789524,-3.85836,7.74151,13.965,306.333,307.417,221.15,111.136,37.2115,7.46399,0.628307,0.00277778,0,,,,,,2.48619378409331,2.48772788008647,2.34468694370562,2.04585476163067,1.57067717683671,0.872971048885854,-0.201828101760364,-2.55630215333184,??:502,
17,169,49.0118,3.06509,6,0.510848,0,0,17,0.958678,3.63636,21.8954736023493,0.278644545454545,1050174,11,6.02126126190733,-3.63784,7.85314,11.1625,335.333,340.667,248.45,126.886,43.3544,8.96399,0.822751,0.0111111,0,,,,,,2.52547629429578,2.5323300660245,2.39523900108155,2.10341370674277,1.63703318021476,0.952501363375379,-0.0847315811767453,-1.95424294373402,??:502,
18,166,86.9759,7.80723,6,1.3012,5,0,18,2.14876,3.81818,23.6747119123044,0.709748181818182,1586802,11,6.20052273918579,-3.22508,8.15005,8.41797,368.333,380.917,284.15,149.636,53.4972,11.964,1.35053,0.0527778,0,,,,,,2.56624063027461,2.58083035528484,2.45354766038075,2.17503609032311,1.72833105199559,1.07787640435928,0.130504235831687,-1.27754871695366,??:502,
19,158,58.3544,4.48101,6,0.746835,1,0,19,1.60331,4.18182,26.7401749511258,0.407364545454545,2479630,11,6.39438688205752,-2.77869,8.39791,6.86706,405.667,428.75,328.95,179.969,67.9734,16.589,2.23942,0.130556,0,,,,,,2.60816968036686,2.63220413305083,2.5171298907332,2.2551977035011,1.83233899368728,1.21982020714724,0.35013555252345,-0.884203164384786,??:502,
20,160,35.925,0.59375,6,0.0989583,0,0,20,4.41322,4.36364,28.4856086823527,0.0539772727272727,3372458,11,6.52794654975037,-2.47116,8.51453,6.52202,443,476.583,373.75,210.303,82.4496,21.214,3.12831,0.208333,0,,,,,,2.64640372622307,2.6781385467434,2.57258120133249,2.32284546799851,1.91618855302827,1.32662256451565,0.495309782948719,-0.681241932247314,??:502,
21,159,52.6604,2.63522,7,0.37646,0,0,21,2.26446,5.09091,33.7524693729974,0.239565454545454,4265286,11,6.62994815720518,-2.23629,8.58233,5.95302,480.333,524.417,418.55,240.636,96.9258,25.839,4.0172,0.286111,0,,,,,,2.68154242471013,2.71967676174902,2.62174734626482,2.38136059986083,1.9864393942462,1.41227570193583,0.603923454020486,-0.543465444720199,??:502,
22,145,108.055,11.1517,7,1.5931,1,0,22,1.28926,5.27273,35.4884540866595,1.01379090909091,5377314,11,6.73056539717746,-2.00461,8.64187,5.47503,520.333,576.917,468.95,275.636,114.069,31.464,5.12831,0.386111,0,,,,,,2.71628137012711,2.76111333649223,2.67112654019551,2.44033593885355,2.05716763426765,1.49781393340169,0.709974269868826,-0.413287825490039,??:502,
23,140,74.1643,6.04286,7,0.863265,0,0,23,2.06612,5.45455,37.1574891256169,0.549350909090909,6489342,11,6.81220066286254,-1.81664,8.68101,5.42344,560.333,629.417,519.35,310.636,131.212,37.089,6.23942,0.486111,0,,,,,,2.74844620036489,2.79893846864788,2.71546013595685,2.49225178524752,2.11797355527947,1.56924512396391,0.795144220690967,-0.313264551348314,??:502,
24,140,49.3214,2.02857,7,0.289796,0,0,24,2.59504,5.63636,38.7831837145982,0.184415454545455,7601370,11,6.88089187252025,-1.65847,8.7087,5.12435,600.333,681.917,569.75,345.636,148.354,42.714,7.35053,0.586111,0,,,,,,2.77839221695906,2.8337315174195,2.75568433385241,2.53861897045935,2.17129926049114,1.63057024332064,0.866318654427997,-0.23202012780031,??:502,
25,141,46.7518,2.73759,6,0.456265,0,0,25,0.809917,2.90909,20.1896302046657,0.248871818181818,8713398,11,6.94018755166246,-1.52194,8.72932,5.17325,640.333,734.417,620.15,380.636,165.497,48.339,8.46164,0.686111,0,,,,,,2.80640588406468,2.86594272118984,2.79249674803569,2.58050986083481,2.21879012563286,1.68429766181482,0.927454544353902,-0.163605617838717,??:502,
26,142,69.1268,5.9507,6,0.991784,4,0,26,1.5,3,21.1407301879383,0.495891666666667,11140638,12,7.0469100626461,-3.7611,8.89341,12.3509,682.333,790.917,676.15,421.236,186.64,55.964,10.2394,0.919444,0.0121212,0,,,,,2.83399637578134,2.8981309103835,2.83004305237036,2.62452548011374,2.2710047257857,1.74790874791851,1.01027450895197,-0.0364747169224867,-1.91645438284462,
27,141,46.4468,1.96454,7,0.280648,0,0,27,0.805556,3.16667,22.6724328665919,0.163711666666667,14444686,12,7.15970810554681,-3.50138,9.05955,10.5129,725.667,850.083,735.883,465.569,210.45,64.9223,12.4616,1.24167,0.0323232,0,,,,,2.86073737381357,2.92946133122276,2.86680877018862,2.66798405502424,2.32314893008404,1.81239389716181,1.09557380689461,0.0940061882543109,-1.49048565057234,
28,141,44.8369,1.71631,7,0.245187,0,0,28,0.888889,3.33333,24.3482742513931,0.143025833333333,20159956,12,7.30448957990751,-3.16801,9.26385,9.0803,772.667,916.583,805.883,520.169,241.592,77.5473,15.9061,1.80833,0.0747475,0,,,,,2.88799236426529,2.9621717980597,2.90627199448159,2.71614446641021,2.38308254909902,1.88956668138219,1.20156370848966,0.257277687257343,-1.12640332814549,
29,141,32.2908,0.425532,6,0.070922,0,0,29,2.91667,3.5,26.1269260356202,0.035461,29163256,12,7.46483601017721,-2.79879,9.44804,7.89132,824.667,993.083,889.883,588.769,282.735,95.1723,21.0172,2.70833,0.147475,0,,,,,2.91627861611685,2.99698554752419,2.94933291024649,2.76994493535905,2.45137957349128,1.97851056490081,1.32257485700394,0.432701580414635,-0.831281595158815,
30,141,35.8723,0.794326,7,0.113475,0,0,30,2.72222,3.66667,27.7995295054735,0.0661938333333333,38166556,12,7.58168297269007,-2.52974,9.54533,7.36776,876.667,1069.58,973.883,657.369,323.878,112.797,26.1283,3.60833,0.220202,0,,,,,2.94283465890105,3.02921327348837,2.98850678490068,2.81780921990627,2.51038144877246,2.05229754910857,1.41711115390502,0.557306249109729,-0.657178740836477,
31,133,50.5865,2.63158,7,0.37594,0,0,31,2.80556,3.83333,29.4156885311182,0.219298333333333,47169856,12,7.67366455043479,-2.31795,9.60548,6.86076,928.667,1146.08,1057.88,725.969,365.021,130.422,31.2394,4.50833,0.292929,0,,,,,2.96786001325285,3.05921493381455,3.02443640655214,2.86091807604943,2.56231785054351,2.11535085575722,1.49470268400195,0.654015697953848,-0.533237630993293,
32,131,57.4046,4.19847,7,0.599782,0,0,32,1.5,4,31.0580785990359,0.3498725,58145974,12,7.76451964975897,-2.10875,9.65835,6.55067,983.667,1228.58,1150.28,802.969,412.164,151.047,37.3505,5.60833,0.383838,0,,,,,2.99284810194885,3.08940344118024,3.06080356874801,2.90469877891651,2.61507005613771,2.17911210401258,1.57229641996099,0.748833560051769,-0.415852032275439,
33,130,49.0846,2.87692,7,0.410989,0,0,33,1.63889,4.16667,32.6650964392112,0.239743333333333,69122092,12,7.83961687371718,-1.93583,9.69443,6.28746,1038.67,1311.08,1242.68,879.969,459.307,171.672,43.4616,6.70833,0.474747,0,,,,,3.01647758803499,3.11762919245174,3.09435930874932,2.94446737287053,2.6621030642688,2.23469946675604,1.63810571044241,0.82661441852169,-0.323537770956532,
34,123,93.1626,9.26016,7,1.32288,6,0,34,1.08333,4.5,35.5663026484572,0.77168,80098210,12,7.90362281076827,-1.78845,9.72062,6.14099,1093.67,1393.58,1335.08,956.969,506.45,192.297,49.5728,7.80833,0.565657,0,,,,,3.03888629932935,3.14413190491964,3.12550729005834,2.98089786949367,2.70453657546931,2.2839725089207,1.69524344967389,0.892558159442256,-0.247446834115357,
35,123,36.1626,1.52033,6,0.253388,0,0,35,1.97222,3.16667,25.2047804535639,0.126694166666667,91074328,12,7.95939597544545,-1.66003,9.7405,5.97444,1148.67,1476.08,1427.48,1033.97,553.592,212.922,55.6839,8.90833,0.656566,0,,,,,3.0601952786763,3.16910989584544,3.154570032189,3.01450793815496,2.74318980547153,2.32822053689619,1.74572964487055,0.949796296656172,-0.182721610785332,
36,125,36.704,1.984,6,0.330667,0,0,36,2.38889,3.33333,26.6960229942551,0.165333333333333,102050446,12,8.00881490709144,-1.54624,9.7561,5.99262,1203.67,1558.58,1519.88,1110.97,600.735,233.547,61.795,10.0083,0.747475,0,,,,,3.08050743640415,3.19272909898813,3.18180930018482,3.04570233165881,2.77868293553327,2.36837429298191,1.79095333657333,1.00036031490997,-0.12640332814549,
37,121,39.7438,2.14876,6,0.358127,0,0,37,0.972222,2.83333,22.8173179776867,0.179063333333333,113026564,12,8.05318052527829,-1.44408,9.76867,5.62751,1258.67,1641.08,1612.28,1187.97,647.878,254.172,67.9061,11.1083,0.838384,0,,,,,3.09991188104913,3.21512975272384,3.20744046668442,3.07480547347433,2.81149323285346,2.40512770626809,1.83190878867443,1.04564760015503,-0.0765570185020659,
38,123,42.4959,2.79675,6,0.466125,0,0,38,0.638889,2.83333,22.9313610774481,0.2330625,124002682,12,8.09343107843001,-1.3514,9.77902,5.75868,1313.67,1723.58,1704.68,1264.97,695.021,274.797,74.0172,12.2083,0.929293,0,,,,,3.11848628213511,3.23643144599881,3.23164286586376,3.10208022591583,2.84199792695894,2.4390119871555,1.86933265212427,1.0866551928539,-0.0318473342078506,
39,120,54.4333,4.38333,6,0.730556,1,0,39,0.92562,3.27273,26.0977542794237,0.398484545454545,94255600,11,7.97430716234573,0.859213,14.0165,5.71228,1368.67,1806.08,1797.08,1341.97,742.164,295.422,80.1283,13.3083,1.0202,,,,,,3.13629874802059,3.25673698340222,3.25456741087926,3.127742807204,2.87049988428852,2.47044283397807,1.90378592885796,1.12412258231371,0.0086853191951681,
40,125,51.864,3.256,7,0.465143,1,0,40,1.56213,2.76923,22.3433676677941,0.250461538461538,117068638,13,8.06844056571469,-3.97389,9.49772,15.954,1425.67,1893.08,1896.68,1427.37,796.507,320.547,88.2394,15.0083,0.2,0.00909091,0,,,,3.15401901095444,3.27716896727834,3.27799406470146,3.15453656465618,2.90118959689549,2.50589171667586,1.94566254637711,1.17633150220786,-0.698970004336019,
41,126,33.6825,0.31746,7,0.0453515,0,0,41,2.17751,2.76923,22.62348745354,0.02442,147772956,13,8.16959496088805,-3.74098,9.72709,13.4064,1484,1983.08,2001.08,1518.37,855.65,348.672,97.6839,17.1083,0.472727,0.0242424,0,,,,3.17143390094301,3.29734023455716,3.30126445138686,3.18137761436459,2.93229615468588,2.54241707288862,1.98982299035808,1.23320685715657,-0.325389592078007,
42,126,26.5238,0.555556,6,0.0925926,0,0,42,1.40828,2.76923,23.0687644838168,0.0427350769230769,213988034,13,8.33038948870869,-3.37073,10.0638,11.1654,1548.33,2086.58,2127.08,1634.57,936.392,390.297,113.128,21.0083,1.07273,0.0666667,0,,,,3.18986352863702,3.31943504032619,3.32778382413178,3.21340352385354,2.9714576946757,2.59139521310945,2.05357010926228,1.3223909105454,0.0304904262850101,
43,126,39.9444,2.40476,6,0.400794,0,0,43,1.80556,3.16667,26.4665102137536,0.200396666666667,227948392,12,8.35783653293636,-0.742585,12.5891,10.0698,1612.67,2190.08,2253.08,1750.77,1017.14,431.922,128.573,24.9083,1.67273,0.109091,,,,,3.20754550697886,3.34045997918897,3.35277661247027,3.24322909623095,3.00738073369257,2.63540532545354,2.1091497774363,1.39634408780093,0.223425845939563,
44,124,45.1532,2.22581,7,0.317972,0,0,44,1.45562,2.92308,24.820708508832,0.171216153846154,309946030,13,8.49128607798349,-3.00026,10.1061,10.9833,1679.67,2299.58,2388.68,1878.17,1107.48,479.547,146.684,29.6083,2.41818,0.0545455,0,,,,3.22522396550166,3.36164852282686,3.37815797329837,3.27373489928287,3.04433589203455,2.68083117843128,2.16638274444538,1.47141347250872,0.383488624935515,
45,122,44.6557,1.86885,7,0.266979,0,0,45,1.14793,3.07692,26.4998656687323,0.143757692307692,409699048,13,8.61246495480297,-2.72123,10.2939,9.59422,1749.67,2415.83,2535.08,2018.17,1208.62,533.922,167.795,35.2083,3.32727,0.122727,0,,,,3.24295614543287,3.38306637007345,3.40399166899888,3.30495774611908,3.0822897765894,2.72747781612248,2.22477901546311,1.54664505607152,0.522088044256956,
46,126,39.127,1.7381,7,0.248299,0,0,46,1.25444,3.23077,28.130648218327,0.1337,509452066,13,8.70710332779089,-2.50332,10.4082,8.89008,1819.67,2532.08,2681.48,2158.17,1309.76,588.297,188.906,40.8083,4.23636,0.190909,0,,,,3.25999263514241,3.40347742291313,3.42837456209639,3.33408565126164,3.11719172296518,2.76959663372355,2.27624575212781,1.61074850322715,0.626992858746652,
47,126,33.619,1.06349,6,0.177249,0,0,47,2.72222,3.66667,31.848077366782,0.0886241666666667,485100124,12,8.68583138563927,0.0126514,13.1674,8.31203,1889.67,2648.33,2827.88,2298.17,1410.91,642.672,210.017,46.4083,5.14545,0.259091,,,,,3.27638596835721,3.42297210019723,3.45146097639659,3.36138215112824,3.14949931159277,2.80798937893578,2.32225445048331,1.66659565990488,0.711423362377508,
48,122,31.8689,0.385246,7,0.0550351,0,0,48,2.55621,3.53846,31.0218445169007,0.0296343076923077,584853142,13,8.76704682740533,-2.36529,10.2304,10.285,1959.67,2764.58,2974.28,2438.17,1512.05,697.047,231.128,52.0083,6.05455,0.0681818,0,,,,3.29218294419048,3.44162916184786,3.47338185078005,3.38706398327087,3.17956615251774,2.84326206239138,2.36385256126832,1.71607265818388,0.782081870058862,
49,121,31.314,0.892562,6,0.14876,0,0,49,2.97222,3.83333,33.7022252633019,0.0743801666666667,619287760,12,8.79189249642005,0.256866,11.4137,9.1254,2029.67,2880.83,3120.68,2578.17,1613.19,751.422,252.239,57.6083,6.96364,0.136364,,,,,3.30742543257862,3.45951763098424,3.49424923763063,3.41131155057664,3.2076855211968,2.8758839061103,2.4018122359854,1.76048505954327,0.84283631125995,
50,127,37.0787,1.06299,7,0.151856,0,0,50,2.36686,3.69231,32.7018795918114,0.0817684615384615,719040778,13,8.85675352064464,-2.15874,10.2492,10.5292,2099.67,2997.08,3267.08,2718.17,1714.34,805.797,273.351,63.2083,7.87273,0.0681818,0,,,,3.32215104309542,3.47669833556988,3.51415976904329,3.43427661492522,3.23409695847422,2.90622564616744,2.43672066701004,1.80077411004699,0.89612535730753,
51,119,53.6134,4.06723,7,0.581032,1,0,51,2.5,4,35.5082763016874,0.338935833333333,753475396,12,8.87706907542186,0.452992,11.2208,9.34126,2169.67,3113.33,3413.48,2858.17,1815.48,860.172,294.462,68.8083,8.78182,0.136364,,,,,3.33639368404322,3.4932251565268,3.53319736261026,3.45608805645853,3.25899146892642,2.93458530145522,2.46902925750979,1.83764082815973,0.943584531173301,
52,121,34.3884,0.867769,7,0.123967,0,0,52,1.78698,3.53846,31.6022173560612,0.0667514615384615,853228414,13,8.93106530978481,-1.98763,10.262,10.6358,2239.67,3229.58,3559.88,2998.17,1916.62,914.547,315.573,74.4083,9.69091,0.0681818,0,,,,3.35018403273733,3.50914604693095,3.5514353585863,3.47685625425234,3.28253601571472,2.9612060294583,2.4990998384771,1.8716213823624,0.986364560272897,
53,123,42.6016,2.47154,7,0.353078,0,0,53,1.44379,3.69231,33.1864203096834,0.190118461538462,972709632,13,8.98798321638308,-1.85657,10.3401,9.10429,2313,3353.33,3718.28,3152.17,2029.76,976.422,340.017,81.0083,10.7818,0.151515,0,,,,3.36417563277062,3.52547629429577,3.57034209062046,3.49860963142888,3.30744468971737,2.98963755604929,2.5315006312235,1.90852951837902,1.03269127150097,
54,120,36.6,1.26667,7,0.180952,0,0,54,1.53846,4,36.1531941353787,0.0974361538461538,1092190850,13,9.03829853384469,-1.74071,10.4011,8.69976,2386.33,3477.08,3876.68,3306.17,2142.91,1038.3,364.462,87.6083,11.8727,0.234848,0,,,,3.37773050105648,3.54121468296363,3.58845995371037,3.51932518080341,3.33100393150652,3.01632285401379,2.56165225405147,1.94254525312519,1.07454949416602,
55,118,67.7797,6.21186,7,0.887409,4,0,55,2.7438,5.27273,45.9266509687126,0.564714545454546,513124088,11,8.71022240257183,2.55372,19.7195,3.10436,2441.33,3559.58,3969.08,3383.17,2190.05,1058.92,370.573,88.7083,11.9636,,,,,,3.38762648793515,3.55139875796079,3.59868985255,3.52932382108297,3.34045403012606,3.02486315097535,2.56887377337959,1.94796425653477,1.07786188407369,
56,116,79.1293,8.41379,7,1.20197,5,0,56,2.55556,4.66667,40.9398862663394,0.701149166666667,592688506,12,8.7728265050538,0.212965,12.6837,10.4606,2514.67,3683.33,4127.48,3537.17,2303.19,1120.8,395.017,95.3083,1.09091,0.318182,,,,,3.4004810006912,3.56624063027461,3.61568497753491,3.54865593295236,3.36232976625252,3.04952812227772,2.59661578637917,1.97913072316969,0.0377889228013173,
57,112,77.2857,7.59821,7,1.08546,5,0,57,2.13889,4.83333,42.6663786243424,0.633184166666667,672252924,12,8.82753269988649,0.338931,13.1194,9.37146,2588,3807.08,4285.88,3691.17,2416.34,1182.67,419.462,101.908,2.18182,0.401515,,,,,3.41296427199666,3.58059200294873,3.63204000710072,3.5671640474611,3.38315804324993,3.07286358049265,2.62269262323904,2.0082082784076,0.338818918465298,
58,115,69.1043,5.76522,8,0.720652,0,0,58,1.83333,6,53.2566740355935,0.480435,751817342,12,8.87611233926558,0.450789,13.4629,8.96217,2661.33,3930.83,4444.28,3845.17,2529.48,1244.55,443.906,108.508,3.27273,0.484848,,,,,3.4250987296033,3.59448426191767,3.64780141269552,3.58491554528955,3.40303124989443,3.09501234914702,2.64729101515215,2.03546175871703,0.51491017752098,
59,112,154.393,21.1518,8,2.64397,10,0,59,1.63889,6.16667,55.0054661007616,1.76265,831381760,12,8.91980049212323,0.551385,13.7406,8.63091,2734.67,4054.58,4602.68,3999.17,2642.62,1306.42,468.351,115.108,4.36364,0.568182,,,,,3.43690492634553,3.60794587380504,3.6630107817449,3.60196986587213,3.42203471751382,3.11608282039912,2.67057145185127,2.06110550812257,0.63984891412928,
60,100,126.33,15.13,8,1.89125,7,0,60,2.08333,6.5,58.2367026672589,1.26083333333333,910946178,12,8.95949271803983,0.64278,13.9698,8.30931,2808,4178.33,4761.08,4153.17,2755.76,1368.3,492.795,121.708,5.45455,0.651515,,,,,3.44839710345777,3.62100273710895,3.67770547894703,3.61837970827118,3.44024139204028,3.1361813269606,2.69266629273708,2.08531912581976,0.736758927137336,
61,100,121.66,14.69,8,1.83625,7,0,61,3.01775,5.53846,49.9182363313033,1.13,1030427396,13,9.01301739676793,-1.79892,9.97924,11.3774,2881.33,4302.08,4919.48,4307.17,2868.91,1430.17,517.239,128.308,6.54545,0.0833333,0,,,,3.4595930010682,3.63367848211735,3.69191919929872,3.63419201330077,3.45771692429464,3.15538766381036,2.71369126339751,2.10825373546721,0.815939509679548,
62,99,90.899,9.13131,9,1.01459,1,0,62,2.17751,6.76923,61.3337140150537,0.702408461538461,1149908614,13,9.06066332729922,-1.68922,10.0747,10.1149,2954.67,4425.83,5077.88,4461.17,2982.05,1492.05,541.684,134.908,7.63636,0.166667,0,,,,3.47050898261758,3.64599472828084,3.70568243345113,3.64944877304103,3.47451492098889,3.17378337699741,2.7337460077963,2.13003770395537,0.882886394096711,
63,101,97.3861,9.13861,9,1.0154,2,0,63,3.31361,7.38462,67.2265898213599,0.70297,1269389832,13,9.10359501522894,-1.59036,10.1521,9.41628,3028,4549.58,5236.28,4615.17,3095.19,1553.92,566.128,141.508,8.72727,0.25,0,,,,3.48115587082803,3.65797130608534,3.71902286156161,3.66418770291386,3.4906873135884,3.19142865638711,2.75291463509087,2.15078099291786,0.940878412164297,
64,95,157.253,22.3895,9,2.48772,16,0,64,1.91837,6.28571,57.995397661145,1.59925,1684794080,14,9.22654682782773,-3.94631,10.5296,15.9356,3106.33,4685.83,5417.18,4799.17,3238.34,1638.3,603.073,153.108,11.1818,0.560606,0.0174825,0,,,3.49224759098241,3.67078652852019,3.73377326639909,3.68116613412794,3.51032244428518,3.21439343125521,2.78036988523849,2.18499788348131,1.04851172011071,
65,89,183.225,27.236,10,2.7236,10,0,65,2.2449,7.42857,70.2801898507351,1.94542857142857,2889326408,14,9.46079660698292,-3.40693,11.097,12.7174,3198,4855.42,5658.08,5063.17,3461.48,1782.67,673.351,178.042,17.2727,1.47727,0.0815851,0,,,3.50487845941022,3.68622680289348,3.75266908368529,3.70442250941774,3.53926182665532,3.25107095593849,2.82824150943269,2.25052246420004,1.23736023006593,
66,86,124.605,17.0465,10,1.70465,9,0,66,4.16,7.2,71.127846849787,1.13643333333333,7566022318,15,9.87886761802598,-5.15234,12.068,16.7643,3298.33,5047.92,5942.98,5390.42,3753.76,1984.8,780.295,220.392,29.3636,3.81061,0.350816,0.0137363,0,,3.51829410491957,3.70311246354316,3.77400426872292,3.73162260499678,3.57446650216715,3.29771675126415,2.89225882403797,2.3431958260286,1.46780929934656,
67,88,103.216,10.5568,10,1.05568,7,0,67,2.99556,7.73333,79.0756776198407,0.703786666666667,16799932932,15,10.2253075479568,-4.35463,12.4878,13.8979,3405.67,5259.67,6266.38,5775.42,4112.05,2244.67,925.739,281.992,48.4545,7.89394,0.889277,0.0467033,0,,3.5322025637316,3.72095849668703,3.79701672742714,3.76158357246892,3.61405838677323,3.35115250225988,2.9664885602919,2.45023678773377,1.68533411646245,
68,90,110.322,11.1667,10,1.11667,3,0,68,3.12889,7.73333,81.0405708636936,0.744446666666667,30157037802,15,10.4793886803865,-3.76959,12.6632,12.0219,3519.33,5488.83,6624.62,6212.67,4530.05,2556.8,1106.02,361.008,73.8788,13.5606,1.67133,0.0970696,0,,3.54645999160346,3.7394797800246,3.82116097141846,3.79327828569339,3.6561029955237,3.4076967576339,3.04376298032411,2.55751682605347,1.86851983265869,
69,87,74.3793,8.56322,7,1.22332,4,0,69,2.91667,4.5,43.5943980206329,0.713601666666667,4871290220,12,9.68764400458508,2.31941,26.5671,3.48212,3592.67,5612.58,6783.02,6366.67,4643.19,2618.67,1130.46,367.608,74.9697,13.6439,,,,,3.55541732748549,3.74916254435631,3.83142309760119,3.80391233990732,3.66681645542221,3.41808077287772,3.05325519995284,2.56538495406894,1.87488577296956,
70,91,82.2088,9.04396,8,1.13049,4,0,70,2.22222,6.33333,61.3996087940132,0.753663333333333,4950854638,12,9.69468017520217,2.33561,26.4032,3.60484,3666,5736.33,6941.42,6520.67,4756.34,2680.55,1154.91,374.208,76.0606,13.7273,,,,,3.5641924606262,3.75863412750224,3.84144832277205,3.81429222185974,3.67727289196139,3.42822391248338,3.06254814178115,2.57311306782117,1.88115974699801,
71,87,110.644,12.4828,9,1.38697,8,0,71,3.55102,5.85714,59.4121872162681,0.891628571428571,13917111508,14,10.1435491069478,-1.83484,24.6011,13.1055,3779.67,5965.5,7299.65,6957.92,5174.34,2992.67,1335.18,453.225,101.485,5.66667,0.782051,0.147436,,,3.5774538835845,3.77564685004166,3.8633020372831,3.8424794310574,3.7138549623149,3.47605883007758,3.12553981831267,2.65631385764016,2.00640185605577,
72,84,127.345,16.5,9,1.83333,8,0,72,3.91837,6.28571,65.1169381571881,1.17857142857143,22883368378,14,10.3595199519526,-1.33754,22.482,11.6316,3893.33,6194.67,7657.88,7395.17,5592.34,3304.8,1515.46,532.242,126.909,11.3333,1.5641,0.197802,,,3.59032121622909,3.79201817576514,3.88410855661259,3.86894816199935,3.74759356753646,3.51914518196853,3.18054447781447,2.72610914238473,2.10349242202961,
73,82,82.7439,8.41463,9,0.934959,1,0,73,3.57143,7,73.5217302866593,0.601045,31849625248,14,10.5031043266656,-1.00693,21.5561,10.9086,4007,6423.83,8016.12,7832.42,6010.34,3616.92,1695.74,611.258,152.333,17,2.34615,0.248168,,,3.6028193424327,3.80779403926956,3.90396420988891,3.89389596771129,3.77889904037999,3.55833890302682,3.22935926465339,2.78622455611224,2.18279399503299,
74,84,83.7738,8.03571,9,0.892857,4,0,74,3.14286,7,74.2758043087485,0.573979285714286,40815882118,14,10.6108291869641,-0.758884,21.037,10.3408,4120.67,6653,8374.35,8269.67,6428.34,3929.05,1876.02,690.275,177.758,22.6667,3.12821,0.298535,,,3.61496783585009,3.82301752344605,3.9229511079634,3.91748817943906,3.80809883887831,3.59428755555803,3.2732374640235,2.83902214463464,2.24982915526775,
75,82,65.9146,7.15854,7,1.02265,5,0,75,0.975207,4.54545,43.3195980846452,0.650776363636364,3390947836,11,9.53032110894305,4.44207,32.696,0.921622,4175.67,6735.5,8466.75,8346.67,6475.48,3949.67,1882.13,691.375,177.848,,,,,,3.62072616939028,3.82836984047191,3.92771673643123,3.92151324325898,3.81127196636332,3.59656081128063,3.27464961714267,2.83971367147722,2.25004898566547,
76,84,29.2857,0.369048,7,0.0527211,0,0,76,3.97633,3.84615,37.0647232316026,0.0283883076923077,4333488786,13,9.63683767705434,-0.362525,69.9064,10.6929,4271,6914.25,8724.15,8632.67,6720.62,4110.55,1961.57,719.975,7.09091,1.08333,3.20513,,,,3.63052957142682,3.83974507836774,3.94072312407909,3.93614513950744,3.82740934004165,3.61389993525423,3.29260381084501,2.85731741649995,0.850701973211031,
77,87,38.1839,1.82759,7,0.261084,0,0,77,1.51479,3.84615,37.3934519703157,0.140583846153846,5276029736,13,9.72230723458932,-0.165724,60.6262,9.37593,4366.33,7093,8981.55,8918.67,6965.76,4271.42,2041.02,748.575,14.1818,2.16667,3.28205,,,,3.64011655587222,3.85082995984853,3.95335129194106,3.95030009487757,3.84296850709161,3.63057227681535,3.30984726039813,2.87423531898018,1.15173135640808,
78,84,103.036,13.5952,8,1.6994,8,0,78,2.22485,5.07692,49.7217835554668,1.04578461538462,6218570686,13,9.79369057528321,-0.00135793,54.1591,8.80787,4461.67,7271.75,9238.95,9204.67,7210.91,4432.3,2120.46,777.175,21.2727,3.25,3.35897,,,,3.64949744526673,3.86163893959141,3.96562261677015,3.96400822306838,3.85799007512724,3.64662914791514,3.3264300844151,2.89051882185997,1.32782261546376,
79,89,69.6292,7.5618,7,1.08026,6,0,79,0.792899,2.76923,27.2907074951669,0.581676923076923,7161111636,13,9.85498044408263,0.139767,49.3945,8.33527,4557,7450.5,9496.35,9490.67,7456.05,4593.17,2199.91,805.775,28.3636,4.33333,3.4359,,,,3.65867902858245,3.8721854190509,3.97755671271438,3.97729687280999,3.87250881171868,3.66211251959507,3.34240491386635,2.90621378882739,1.45276135207206,
80,85,112.682,15.3294,8,1.91618,7,0,80,1.06122,4.28571,43.746657008616,1.09495714285714,16127368506,14,10.2075635095739,-1.68744,37.9497,13.016,4670.67,7679.67,9854.58,9927.92,7874.05,4905.3,2380.18,884.792,53.7879,10,0.782051,0.348901,,,3.66937918387056,3.88534255853956,3.993638119476,3.99685826892394,3.89619816822093,3.69066557325733,3.37660980161566,2.94684118722965,1.73068458878425,
81,85,84.9412,8.43529,8,1.05441,2,0,81,3.69388,4.85714,50.5121354217379,0.602520714285714,25093625376,14,10.399563410101,-1.24534,31.2477,11.8114,4784.33,7908.83,10212.8,10365.2,8292.05,5217.42,2560.46,963.808,79.2121,15.6667,1.5641,0.399267,,,3.67982112755148,3.89811224049807,4.00914482708573,4.01557768636798,3.91866191216985,3.71745579864311,3.40831799559124,2.98399052680171,1.89879152706741,
82,91,88.6813,10.1648,8,1.2706,6,0,82,2.34694,3.71429,39.1198053804881,0.726057142857143,34059882246,14,10.5322431421586,-0.939835,28.0743,11.1595,4898,8138,10571,10802.4,8710.05,5529.55,2740.74,1042.83,104.636,21.3333,2.34615,0.449634,,,3.69001878078869,3.91051768551727,4.02411607282677,4.03352025465008,3.9400206480802,3.74268978944776,3.43786783819509,3.01821351640409,2.01968112919186,
83,84,65.7619,5.91667,8,0.739583,5,0,83,3.04889,4.13333,44.1271580957426,0.394444666666667,47416987116,15,10.6759339553683,-3.31703,12.2218,13.7201,5011.67,8367.17,10929.3,11239.7,9128.05,5841.67,2921.02,1121.84,130.061,27,3.12821,0.0503663,0,,3.69998246657244,3.92257859285471,4.03859234713976,4.05075471958862,3.96037801031732,3.76653701973322,3.46553453056475,3.04993092102701,2.11414708884466,
84,83,95.0361,11.8795,9,1.31995,7,0,84,1.71556,4.53333,48.9620058262301,0.791966666666667,63161204450,15,10.800450403176,-3.03032,12.3912,12.3544,5129,8606.42,11307.7,11707.2,9580.62,6184.05,3121.46,1210.94,159.152,33.5833,4.05128,0.110806,0,,3.71003269906575,3.9348225361727,4.05337427787966,4.06845303768932,3.98139361491007,3.7912729923327,3.49435777402926,3.08312262512946,2.20181210059765,
85,86,57.6628,5.87209,7,0.83887,1,0,85,2.47222,4.16667,42.036445736688,0.489340833333333,12267015268,12,10.088738905814,3.24297,26.1473,3.21297,5202.33,8730.17,11466.1,11861.2,9693.76,6245.92,3145.91,1217.54,160.242,33.6667,,,,,3.71619789738569,3.94102270067499,4.05941572509423,4.07412862891145,3.98649226317239,3.79559641732917,3.49774629391903,3.08548323805416,2.20477635680189,
86,85,109.471,15.1059,8,1.88824,8,0,86,1.22222,6.33333,63.9130952318082,1.258825,12346579686,12,10.0915466637311,3.24943,26.0842,3.05906,5275.67,8853.92,11624.5,12015.2,9806.91,6307.8,3170.35,1224.14,161.333,33.75,,,,,3.72227762204088,3.94713559357286,4.06537428182772,4.07973100428461,3.99153218970987,3.79987791479742,3.50110721006568,3.08783108917436,2.20772320962117,
87,86,94.1628,8.89535,10,0.889535,6,0,87,1.98438,4.875,51.3852939793013,0.555959375,34719472958,16,10.5405731239592,-6.40129,12.2081,24.9658,5394,9096.17,12009.4,12493.3,10273,6663.46,3380.96,1319.24,193.106,7.46212,1.12238,0.0884116,0.0018315,0,3.73191094211687,3.95885856836525,4.07952131021736,4.09667716875792,4.01169728811414,3.823699795043,3.52904003267584,3.12032381085653,2.28579576796069,
88,83,109.627,13.9759,10,1.39759,10,0,88,1.75,5,54.3034647258155,0.87349375,72559276752,16,10.8606929451631,-5.66419,12.8988,20.4594,5514.67,9345.42,12409.5,12996.4,10770.5,7050.12,3615.29,1428.34,231.136,16.9747,2.70979,0.242091,0.00793651,0,3.74151952920286,3.97059882412936,4.09375428338306,4.1138230694873,4.03223586506219,3.84819650917499,3.55814313990116,3.15483159858025,2.3638675931802,
89,82,129.561,17.7317,10,1.77317,11,0,89,2.73438,5.875,65.5834713192902,1.10823125,145594193264,16,11.1631440543473,-4.96777,13.3145,17.3552,5643,9616.67,12856,13573.9,11359.8,7524.49,3914.74,1574.64,285.227,31.5581,5.4021,0.544289,0.0233211,0,3.75151005027004,3.98302471330741,4.10910586375529,4.13270464538527,4.05537068527808,3.87647706935668,3.59270292340164,3.19718127946891,2.45519063406901,
90,83,126.892,16.6145,10,1.66145,9,0,90,5.25,6,69.1565976817576,1.03840625,335814630826,16,11.5260996136263,-4.13203,13.6435,14.39,5786.33,9932.92,13401.6,14316.4,12161.3,8211.01,4379.18,1819.94,384.318,61.1414,11.5559,1.34099,0.0716728,0,3.76240319825289,3.99707693766659,4.12715665132671,4.15583382406876,4.08498000196381,3.91439658104736,3.64139279661942,3.26005707034857,2.58469072564989,
91,85,82.2235,10.9529,7,1.56471,6,0,91,0.982249,3.69231,39.6323058978341,0.842530769230769,54168000576,13,10.7337428054075,2.16319,28.7269,4.84649,5881.67,10111.7,13659,14602.4,12406.4,8371.89,4458.63,1848.54,391.409,62.2247,11.6329,,,,3.76950065410518,4.00482417621943,4.13541890502785,4.16442424079107,4.09364577932712,3.92282351341882,3.64920143385992,3.26682885257822,2.59263080753915,
92,81,118.716,17.5802,8,2.19753,7,0,92,0.674556,4.30769,46.2699092122337,1.35232307692308,55110541526,13,10.7412346785014,2.18044,28.5427,4.86211,5977,10290.4,13916.5,14888.4,12651.5,8532.76,4538.07,1877.14,398.5,63.3081,11.7098,,,,3.77648325583368,4.01243225662992,4.14353002393729,4.17284802827553,4.10214201982827,3.9310895304514,3.65687119061883,3.27349666418239,2.60042832573213,
93,83,40.8795,2.15663,7,0.30809,0,0,93,3.44379,4.30769,46.3016345816529,0.165894615384615,56053082476,13,10.7485995003477,2.1974,28.3648,4.97252,6072.33,10469.2,14173.9,15174.4,12896.7,8693.64,4617.52,1905.74,405.591,64.3914,11.7867,,,,3.78335536520703,4.01991349649644,4.15148936439266,4.18111152796207,4.11047859749815,3.93920165227412,3.6644087851888,3.28006364957222,2.60808830950649,
94,82,89.3293,10.9878,8,1.37348,6,0,94,2.40237,4.46154,47.9876171233572,0.845215384615385,56995623426,13,10.7558415083933,2.21408,28.1927,4.90486,6167.67,10647.9,14431.2,15460.4,13141.8,8854.51,4696.96,1934.34,412.682,65.4747,11.8636,,,,3.79012112882159,4.02726396379906,4.1593024455571,4.18922072603415,4.11865485354409,3.94716453275543,3.67181686168352,3.28653281263526,2.61561552661632,
95,83,98.3855,13.5301,8,1.69127,8,0,95,2.22485,4.92308,52.9869364106729,1.04077692307692,57938164376,13,10.762964731565,2.23048,28.0262,4.93174,6263,10826.7,14688.6,15746.4,13387,9015.39,4776.41,1962.94,419.773,66.5581,11.9406,,,,3.79678241170131,4.03449610296097,4.16698040428248,4.1971812794689,4.12668326338829,3.95498451876606,3.67910159892012,3.29290702498607,2.62301450111605,
96,84,53.9405,4.64286,7,0.663265,1,0,96,2.63265,3.71429,40.2832093702969,0.331632857142857,70059483598,14,10.8454669318489,-0.218611,36.1241,10.9158,6384.33,11076.9,15089,16246.9,13877.3,9390.76,4998.85,2063.04,452.864,74.1414,1.07692,1.41242,,,3.80511532719527,4.0444182350073,4.17866045853817,4.21077050738703,4.1423049769859,3.97270074140879,3.69887010511633,3.31450764853101,2.65596779822157,
97,87,74.1379,7.43678,8,0.929598,1,0,97,2.69388,4.85714,53.0145678013122,0.531198571428571,82180802820,14,10.9147703795468,-0.0590336,33.6795,10.2197,6505.67,11327.2,15489.5,16747.4,14367.5,9766.14,5221.29,2163.14,485.955,81.7247,2.15385,1.48385,,,3.81329202992434,4.05412256874839,4.19003739898931,4.22394739326548,4.15738120580574,3.9897229457101,3.71777781539077,3.33508462820464,2.68659605494846,
98,88,66.0114,6.38636,8,0.798295,1,0,98,1.57143,4,43.898085862392,0.456168571428571,94302122042,14,10.974521465598,0.0785483,31.8634,9.791,6627,11577.4,15889.9,17247.9,14857.8,10141.5,5443.74,2263.24,519.045,89.3081,3.23077,1.55528,,,3.8213169705911,4.06361103845576,4.20112116406799,4.23673622555824,4.17195450803872,4.0061021949918,3.7358973745655,3.35473061014077,2.715205011807,
99,97,80.5155,8.57732,8,1.07216,4,0,99,3.26531,4.14286,45.6834717403133,0.612665714285714,106423441264,14,11.0270372979809,0.199471,30.4609,9.26848,6748.33,11827.7,16290.2,17748.4,15348.1,10516.9,5666.18,2363.34,552.136,96.8914,4.30769,1.62671,,,3.82919631186534,4.07290030046713,4.21192641631362,4.249159207955,4.18605462016576,4.02188774444733,3.75329036682491,3.37352620555189,2.74204606463994,
100,172,84.0581,8.59884,8,1.07485,5,0,100,2.55102,4.85714,53.78739698317,0.614202857142857,118544760486,14,11.0738823635246,0.307335,29.3453,9.17301,6869.67,12077.9,16690.7,18248.9,15838.4,10892.3,5888.63,2463.44,585.227,104.475,5.38462,1.69814,,,3.83693587525151,4.08199142950909,4.22247455116471,4.26123669134987,4.19971130690828,4.03711959434166,3.77001426717304,3.39154198898306,2.76732435450131,
,,,,,,,,,,,,,,,,,,,,,,,,,,,,,,,,,,,,,,,,,,
,,,,,,,,,,,,,,,,,,,,,,,,,,,,,,,,,,,,,,,,,,
CORREL bettween...,,,,,,,,,,,,,,,,,,,,,,,,,,,,,,,,,,,,,,,,,,
0.453052503320169,-0.420411457946567,1,0.983573437393206,0.718732682839312,0.963693978995319,0.879806597710618,#DIV/0!,0.453052503320169,0.205841535623376,0.742813313084135,0.721896850118851,0.975914859361652,0.327055743967094,0.448578478345843,0.42196775230756,0.0187853893556456,0.126342471525411,0.28338569412244,0.447013279744595,0.437574132968573,0.42417515876842,0.406902319269586,0.386143264260949,0.362676266336249,0.332467756106554,0.294393226584579,0.242443955629129,0.182020500454618,0.159490494304512,-0.479674409235135,0.519406846805569,#DIV/0!,0.378166680377303,0.377971328806771,0.37780323162439,0.376920017912726,0.374758828040802,??:502,??:502,??:502,??:502,#VALUE!
0.523972640749036,-0.476258854938385,0.983573437393206,1,0.712850656367443,0.973886334290779,0.91155077885566,#DIV/0!,0.523972640749036,0.178369711222085,0.693029254923128,0.720162357821507,0.983484500866568,0.356475839934102,0.478605130072736,0.483009112659497,0.0919548224150385,0.198981945862968,0.262604956051773,0.51886701855333,0.509066582915893,0.4950604964768,0.476992686772167,0.455308321146088,0.430846983887154,0.400758665808655,0.362397326088117,0.289937297202075,0.223602253311255,0.234824087578145,-0.420271138270828,0.532156558099282,#DIV/0!,0.435674452931328,0.436071188377155,0.436443176300862,0.435930608597154,0.433871698542785,??:502,??:502,??:502,??:502,#VALUE!
0.440760438195685,-0.380164505341419,0.963693978995319,0.973886334290779,0.576556473888479,1,0.883235942066195,#DIV/0!,0.440760438195685,0.0803446263193538,0.615438688476011,0.607993528869368,0.993309506946505,0.285093045165539,0.334055109700417,0.379469321490066,0.154066752537428,0.196601474759465,0.144215039919524,0.448963318074579,0.444308915455665,0.435658612854617,0.423055829997187,0.406823023548112,0.387655630879051,,,,,,,,,,,,,,,,,,
